-- --------------------------------------------------------
-- Host:                         127.0.0.1
-- Server version:               8.0.30 - MySQL Community Server - GPL
-- Server OS:                    Win64
-- HeidiSQL Version:             12.1.0.6537
-- --------------------------------------------------------

/*!40101 SET @OLD_CHARACTER_SET_CLIENT=@@CHARACTER_SET_CLIENT */;
/*!40101 SET NAMES utf8 */;
/*!50503 SET NAMES utf8mb4 */;
/*!40103 SET @OLD_TIME_ZONE=@@TIME_ZONE */;
/*!40103 SET TIME_ZONE='+00:00' */;
/*!40014 SET @OLD_FOREIGN_KEY_CHECKS=@@FOREIGN_KEY_CHECKS, FOREIGN_KEY_CHECKS=0 */;
/*!40101 SET @OLD_SQL_MODE=@@SQL_MODE, SQL_MODE='NO_AUTO_VALUE_ON_ZERO' */;
/*!40111 SET @OLD_SQL_NOTES=@@SQL_NOTES, SQL_NOTES=0 */;

-- Dumping structure for table sis.account
CREATE TABLE IF NOT EXISTS `account` (
  `id` int NOT NULL AUTO_INCREMENT,
  `userName` varchar(50) CHARACTER SET utf8mb4 COLLATE utf8mb4_0900_ai_ci NOT NULL,
  `password` varchar(50) CHARACTER SET utf8mb4 COLLATE utf8mb4_0900_ai_ci NOT NULL,
  PRIMARY KEY (`id`),
  UNIQUE KEY `userName` (`userName`)
) ENGINE=InnoDB AUTO_INCREMENT=178 DEFAULT CHARSET=utf8mb3;

-- Dumping data for table sis.account: ~26 rows (approximately)
REPLACE INTO `account` (`id`, `userName`, `password`) VALUES
	(138, 'Omar', 'Omar'),
	(148, 'Yasser', 'Yasser'),
	(149, 'Fatah', 'Fatah'),
	(150, 'Tamer', 'Tamer'),
	(151, 'samer', 'samer'),
	(152, 'samar', 'samar'),
	(153, 'sadak', 'sadak'),
	(154, 'Tomar', 'Tamer'),
	(155, 'Samy', 'Samy'),
	(157, 'max', 'max'),
	(158, 'xurawas', 'xurawas'),
	(159, 'hukozo', 'hukozo'),
	(160, 'lavibahur', 'lavibahur'),
	(161, 'zozup', 'Kh9513572680$'),
	(162, 'denacukuli', 'Kh9513572680$'),
	(163, 'rivijyfep', 'Kh9513572680$'),
	(164, 'Sasha ', 'Kh9513572680$'),
	(165, 'Tammer', 'Tammer$+56'),
	(166, 'Shady', 'Shady'),
	(167, 'Shady1', 'Shady'),
	(168, 'shady3', 'shady3'),
	(169, 'morad', 'morad'),
	(170, 'Fateh', 'Kh9513572680$'),
	(171, 'razen', 'Kh9513572680$'),
	(172, 'Razen1', 'Kh9513572680$'),
	(173, 'sma3', 'Kh9513572680$'),
	(174, 'soma3', 'Kh9513572680$'),
	(175, 'soma4', 'Kh9513572680$'),
	(176, 'Soma5', 'Kh9513572680$'),
	(177, 'Teacher', 'Kh9513572680$');

-- Dumping structure for table sis.course
CREATE TABLE IF NOT EXISTS `course` (
  `id` int NOT NULL AUTO_INCREMENT,
  `name` varchar(255) CHARACTER SET utf8mb4 COLLATE utf8mb4_0900_ai_ci NOT NULL,
  `level` int NOT NULL,
  `hours` int DEFAULT NULL,
  PRIMARY KEY (`id`),
  UNIQUE KEY `name` (`name`)
) ENGINE=InnoDB AUTO_INCREMENT=49 DEFAULT CHARSET=utf8mb3;

-- Dumping data for table sis.course: ~23 rows (approximately)
REPLACE INTO `course` (`id`, `name`, `level`, `hours`) VALUES
	(26, 'Electronics', 1, 3),
	(27, 'Math-1', 1, 3),
	(28, 'Math-0', 1, 3),
	(29, 'Human Rights', 1, 2),
	(30, 'Technical Report', 1, 2),
	(31, 'Discrete Math', 1, 3),
	(32, 'Programming 1', 1, 3),
	(33, 'Logic Design', 1, 3),
	(34, 'Math-2', 1, 3),
	(35, 'Probability and Statistics 1', 1, 3),
	(36, 'Microeconomics', 1, 2),
	(37, 'Introduction to Networking', 2, 3),
	(38, 'Introduction to Database', 2, 3),
	(39, 'Introduction to Software Engineering', 2, 3),
	(40, 'Programming 2', 2, 3),
	(41, 'Math-3', 2, 3),
	(42, 'Probability and Statistics 2', 2, 3),
	(43, 'Data Structures', 2, 3),
	(44, 'Web', 2, 3),
	(45, 'Machine Learning', 2, 3),
	(46, 'Introduction to Operation Research', 2, 3),
	(47, 'Network Labs', 2, 2),
	(48, 'Entrepreneurship', 2, 2);

-- Dumping structure for table sis.enrollment
CREATE TABLE IF NOT EXISTS `enrollment` (
  `id` int NOT NULL AUTO_INCREMENT,
  `courseName` varchar(255) CHARACTER SET utf8mb4 COLLATE utf8mb4_0900_ai_ci DEFAULT NULL,
  `courseLevel` varchar(255) CHARACTER SET utf8mb4 COLLATE utf8mb4_0900_ai_ci NOT NULL,
  `courseHours` varchar(255) CHARACTER SET utf8mb4 COLLATE utf8mb4_0900_ai_ci NOT NULL,
  `studentUserName` varchar(255) CHARACTER SET utf8mb4 COLLATE utf8mb4_0900_ai_ci NOT NULL,
  `teacherUserName` varchar(255) CHARACTER SET utf8mb4 COLLATE utf8mb4_0900_ai_ci DEFAULT NULL,
  PRIMARY KEY (`id`),
  KEY `courseName` (`courseName`),
  KEY `studentUserName` (`studentUserName`),
  KEY `TeacherUserName` (`teacherUserName`),
  CONSTRAINT `course_name` FOREIGN KEY (`courseName`) REFERENCES `course` (`name`),
  CONSTRAINT `student_user_name` FOREIGN KEY (`studentUserName`) REFERENCES `student` (`userName`),
  CONSTRAINT `teacher_user_name` FOREIGN KEY (`teacherUserName`) REFERENCES `teacher` (`userName`)
) ENGINE=InnoDB AUTO_INCREMENT=2007 DEFAULT CHARSET=utf8mb3;

-- Dumping data for table sis.enrollment: ~156 rows (approximately)
REPLACE INTO `enrollment` (`id`, `courseName`, `courseLevel`, `courseHours`, `studentUserName`, `teacherUserName`) VALUES
	(1836, 'Introduction to Networking', '2', '3', 'Omar', 'Yasser'),
	(1837, 'Introduction to Database', '2', '3', 'Omar', 'Yasser'),
	(1838, 'Introduction to Software Engineering', '2', '3', 'Omar', 'Yasser'),
	(1839, 'Programming 2', '2', '3', 'Omar', 'Yasser'),
	(1840, 'Math-3', '2', '3', 'Omar', 'Yasser'),
	(1841, 'Probability and Statistics 2', '2', '3', 'Omar', 'Yasser'),
	(1842, 'Data Structures', '2', '3', 'Omar', 'Yasser'),
	(1843, 'Web', '2', '3', 'Omar', 'Yasser'),
	(1844, 'Machine Learning', '2', '3', 'Omar', 'Yasser'),
	(1845, 'Introduction to Operation Research', '2', '3', 'Omar', 'Yasser'),
	(1846, 'Network Labs', '2', '2', 'Omar', 'Yasser'),
	(1847, 'Entrepreneurship', '2', '2', 'Omar', 'Yasser'),
	(1848, 'Electronics', '1', '3', 'Tamer', 'Yasser'),
	(1849, 'Electronics', '1', '3', 'Tamer', 'Fatah'),
	(1850, 'Math-1', '1', '3', 'Tamer', 'Yasser'),
	(1851, 'Math-1', '1', '3', 'Tamer', 'Fatah'),
	(1852, 'Math-0', '1', '3', 'Tamer', 'Yasser'),
	(1853, 'Math-0', '1', '3', 'Tamer', 'Fatah'),
	(1854, 'Human Rights', '1', '2', 'Tamer', 'Yasser'),
	(1855, 'Human Rights', '1', '2', 'Tamer', 'Fatah'),
	(1856, 'Technical Report', '1', '2', 'Tamer', 'Yasser'),
	(1857, 'Technical Report', '1', '2', 'Tamer', 'Fatah'),
	(1858, 'Discrete Math', '1', '3', 'Tamer', 'Yasser'),
	(1859, 'Electronics', '1', '3', 'samer', 'Yasser'),
	(1860, 'Electronics', '1', '3', 'samer', 'Fatah'),
	(1861, 'Math-1', '1', '3', 'samer', 'Yasser'),
	(1862, 'Math-1', '1', '3', 'samer', 'Fatah'),
	(1863, 'Math-0', '1', '3', 'samer', 'Yasser'),
	(1864, 'Math-0', '1', '3', 'samer', 'Fatah'),
	(1865, 'Human Rights', '1', '2', 'samer', 'Yasser'),
	(1866, 'Human Rights', '1', '2', 'samer', 'Fatah'),
	(1867, 'Technical Report', '1', '2', 'samer', 'Yasser'),
	(1868, 'Technical Report', '1', '2', 'samer', 'Fatah'),
	(1869, 'Discrete Math', '1', '3', 'samer', 'Yasser'),
	(1870, 'Electronics', '1', '3', 'samar', 'Yasser'),
	(1871, 'Electronics', '1', '3', 'samar', 'Fatah'),
	(1872, 'Math-1', '1', '3', 'samar', 'Yasser'),
	(1873, 'Math-1', '1', '3', 'samar', 'Fatah'),
	(1874, 'Math-0', '1', '3', 'samar', 'Yasser'),
	(1875, 'Math-0', '1', '3', 'samar', 'Fatah'),
	(1876, 'Human Rights', '1', '2', 'samar', 'Yasser'),
	(1877, 'Human Rights', '1', '2', 'samar', 'Fatah'),
	(1878, 'Technical Report', '1', '2', 'samar', 'Yasser'),
	(1879, 'Technical Report', '1', '2', 'samar', 'Fatah'),
	(1880, 'Discrete Math', '1', '3', 'samar', 'Yasser'),
	(1881, 'Electronics', '1', '3', 'sadak', 'Yasser'),
	(1882, 'Electronics', '1', '3', 'sadak', 'Fatah'),
	(1883, 'Math-1', '1', '3', 'sadak', 'Yasser'),
	(1884, 'Math-1', '1', '3', 'sadak', 'Fatah'),
	(1885, 'Math-0', '1', '3', 'sadak', 'Yasser'),
	(1886, 'Math-0', '1', '3', 'sadak', 'Fatah'),
	(1887, 'Human Rights', '1', '2', 'sadak', 'Yasser'),
	(1888, 'Human Rights', '1', '2', 'sadak', 'Fatah'),
	(1889, 'Technical Report', '1', '2', 'sadak', 'Yasser'),
	(1890, 'Technical Report', '1', '2', 'sadak', 'Fatah'),
	(1891, 'Discrete Math', '1', '3', 'sadak', 'Yasser'),
	(1892, 'Introduction to Networking', '2', '3', 'Samy', 'Yasser'),
	(1893, 'Introduction to Networking', '2', '3', 'Samy', 'Fatah'),
	(1894, 'Introduction to Database', '2', '3', 'Samy', 'Yasser'),
	(1895, 'Introduction to Database', '2', '3', 'Samy', 'Fatah'),
	(1896, 'Introduction to Software Engineering', '2', '3', 'Samy', 'Yasser'),
	(1897, 'Introduction to Software Engineering', '2', '3', 'Samy', 'Fatah'),
	(1898, 'Programming 2', '2', '3', 'Samy', 'Yasser'),
	(1899, 'Programming 2', '2', '3', 'Samy', 'Fatah'),
	(1900, 'Math-3', '2', '3', 'Samy', 'Yasser'),
	(1901, 'Math-3', '2', '3', 'Samy', 'Fatah'),
	(1902, 'Probability and Statistics 2', '2', '3', 'Samy', 'Yasser'),
	(1903, 'Probability and Statistics 2', '2', '3', 'Samy', 'Fatah'),
	(1904, 'Electronics', '1', '3', 'Sasha ', 'Yasser'),
	(1905, 'Electronics', '1', '3', 'Sasha ', 'Fatah'),
	(1906, 'Electronics', '1', '3', 'Sasha ', 'Tomar'),
	(1907, 'Electronics', '1', '3', 'Sasha ', 'max'),
	(1908, 'Electronics', '1', '3', 'Sasha ', 'xurawas'),
	(1909, 'Electronics', '1', '3', 'Sasha ', 'hukozo'),
	(1910, 'Electronics', '1', '3', 'Sasha ', 'lavibahur'),
	(1911, 'Electronics', '1', '3', 'Sasha ', 'zozup'),
	(1912, 'Electronics', '1', '3', 'Sasha ', 'denacukuli'),
	(1913, 'Electronics', '1', '3', 'Sasha ', 'rivijyfep'),
	(1914, 'Math-1', '1', '3', 'Sasha ', 'Yasser'),
	(1915, 'Electronics', '1', '3', 'Tammer', 'Tomar'),
	(1916, 'Electronics', '1', '3', 'Tammer', 'max'),
	(1917, 'Electronics', '1', '3', 'Tammer', 'xurawas'),
	(1918, 'Electronics', '1', '3', 'Tammer', 'hukozo'),
	(1919, 'Electronics', '1', '3', 'Tammer', 'lavibahur'),
	(1920, 'Electronics', '1', '3', 'Tammer', 'zozup'),
	(1921, 'Electronics', '1', '3', 'Tammer', 'denacukuli'),
	(1922, 'Electronics', '1', '3', 'Tammer', 'rivijyfep'),
	(1923, 'Math-1', '1', '3', 'Tammer', 'Fatah'),
	(1924, 'Math-1', '1', '3', 'Tammer', 'max'),
	(1925, 'Math-1', '1', '3', 'Tammer', 'xurawas'),
	(1926, 'Introduction to Networking', '2', '3', 'Shady', 'Yasser'),
	(1927, 'Introduction to Networking', '2', '3', 'Shady', 'Fatah'),
	(1928, 'Introduction to Database', '2', '3', 'Shady', 'Yasser'),
	(1929, 'Introduction to Database', '2', '3', 'Shady', 'Fatah'),
	(1930, 'Introduction to Software Engineering', '2', '3', 'Shady', 'Yasser'),
	(1931, 'Introduction to Software Engineering', '2', '3', 'Shady', 'Fatah'),
	(1932, 'Programming 2', '2', '3', 'Shady', 'Yasser'),
	(1933, 'Programming 2', '2', '3', 'Shady', 'Fatah'),
	(1934, 'Math-3', '2', '3', 'Shady', 'Yasser'),
	(1935, 'Math-3', '2', '3', 'Shady', 'Fatah'),
	(1936, 'Probability and Statistics 2', '2', '3', 'Shady', 'Yasser'),
	(1937, 'Probability and Statistics 2', '2', '3', 'Shady', 'Fatah'),
	(1938, 'Introduction to Networking', '2', '3', 'Shady1', 'Yasser'),
	(1939, 'Introduction to Networking', '2', '3', 'Shady1', 'Fatah'),
	(1940, 'Introduction to Database', '2', '3', 'Shady1', 'Yasser'),
	(1941, 'Introduction to Database', '2', '3', 'Shady1', 'Fatah'),
	(1942, 'Introduction to Software Engineering', '2', '3', 'Shady1', 'Yasser'),
	(1943, 'Introduction to Software Engineering', '2', '3', 'Shady1', 'Fatah'),
	(1944, 'Programming 2', '2', '3', 'Shady1', 'Yasser'),
	(1945, 'Programming 2', '2', '3', 'Shady1', 'Fatah'),
	(1946, 'Math-3', '2', '3', 'Shady1', 'Yasser'),
	(1947, 'Math-3', '2', '3', 'Shady1', 'Fatah'),
	(1948, 'Probability and Statistics 2', '2', '3', 'Shady1', 'Yasser'),
	(1949, 'Probability and Statistics 2', '2', '3', 'Shady1', 'Fatah'),
	(1950, 'Electronics', '1', '3', 'shady3', 'Tomar'),
	(1951, 'Electronics', '1', '3', 'shady3', 'max'),
	(1952, 'Electronics', '1', '3', 'shady3', 'xurawas'),
	(1953, 'Electronics', '1', '3', 'shady3', 'hukozo'),
	(1954, 'Electronics', '1', '3', 'shady3', 'lavibahur'),
	(1955, 'Electronics', '1', '3', 'shady3', 'zozup'),
	(1956, 'Electronics', '1', '3', 'shady3', 'denacukuli'),
	(1957, 'Electronics', '1', '3', 'shady3', 'rivijyfep'),
	(1958, 'Math-1', '1', '3', 'shady3', 'max'),
	(1959, 'Math-1', '1', '3', 'shady3', 'xurawas'),
	(1960, 'Math-1', '1', '3', 'shady3', 'hukozo'),
	(1961, 'Electronics', '1', '3', 'Fateh', 'Tomar'),
	(1962, 'Electronics', '1', '3', 'Fateh', 'max'),
	(1963, 'Electronics', '1', '3', 'Fateh', 'xurawas'),
	(1964, 'Electronics', '1', '3', 'Fateh', 'hukozo'),
	(1965, 'Electronics', '1', '3', 'Fateh', 'lavibahur'),
	(1966, 'Electronics', '1', '3', 'Fateh', 'zozup'),
	(1967, 'Electronics', '1', '3', 'Fateh', 'denacukuli'),
	(1968, 'Electronics', '1', '3', 'Fateh', 'rivijyfep'),
	(1969, 'Electronics', '1', '3', 'Fateh', 'morad'),
	(1970, 'Math-1', '1', '3', 'Fateh', 'max'),
	(1971, 'Math-1', '1', '3', 'Fateh', 'xurawas'),
	(1972, 'Introduction to Networking', '2', '3', 'razen', 'Yasser'),
	(1973, 'Introduction to Networking', '2', '3', 'razen', 'Fatah'),
	(1974, 'Introduction to Networking', '2', '3', 'razen', 'morad'),
	(1975, 'Introduction to Database', '2', '3', 'razen', 'Yasser'),
	(1976, 'Introduction to Database', '2', '3', 'razen', 'Fatah'),
	(1977, 'Introduction to Database', '2', '3', 'razen', 'morad'),
	(1978, 'Introduction to Software Engineering', '2', '3', 'razen', 'Yasser'),
	(1979, 'Introduction to Software Engineering', '2', '3', 'razen', 'Fatah'),
	(1980, 'Introduction to Software Engineering', '2', '3', 'razen', 'morad'),
	(1981, 'Programming 2', '2', '3', 'razen', 'Yasser'),
	(1982, 'Programming 2', '2', '3', 'razen', 'Fatah'),
	(1983, 'Programming 2', '2', '3', 'razen', 'morad'),
	(1984, 'Electronics', '1', '3', 'Razen1', 'Tomar'),
	(1985, 'Electronics', '1', '3', 'Razen1', 'max'),
	(1986, 'Electronics', '1', '3', 'Razen1', 'xurawas'),
	(1987, 'Electronics', '1', '3', 'Razen1', 'hukozo'),
	(1988, 'Electronics', '1', '3', 'Razen1', 'lavibahur'),
	(1989, 'Electronics', '1', '3', 'Razen1', 'zozup'),
	(1990, 'Electronics', '1', '3', 'Razen1', 'denacukuli'),
	(1991, 'Electronics', '1', '3', 'Razen1', 'rivijyfep'),
	(1992, 'Electronics', '1', '3', 'Razen1', 'morad'),
	(1993, 'Math-1', '1', '3', 'Razen1', 'max'),
	(1994, 'Math-1', '1', '3', 'Razen1', 'xurawas'),
	(1995, 'Introduction to Networking', '2', '3', 'Soma5', 'Fatah'),
	(1996, 'Introduction to Networking', '2', '3', 'Soma5', 'morad'),
	(1997, 'Introduction to Database', '2', '3', 'Soma5', 'Fatah'),
	(1998, 'Introduction to Database', '2', '3', 'Soma5', 'morad'),
	(1999, 'Introduction to Software Engineering', '2', '3', 'Soma5', 'Fatah'),
	(2000, 'Introduction to Software Engineering', '2', '3', 'Soma5', 'morad'),
	(2001, 'Programming 2', '2', '3', 'Soma5', 'Fatah'),
	(2002, 'Programming 2', '2', '3', 'Soma5', 'morad'),
	(2003, 'Math-3', '2', '3', 'Soma5', 'Yasser'),
	(2004, 'Math-3', '2', '3', 'Soma5', 'Fatah'),
	(2005, 'Math-3', '2', '3', 'Soma5', 'morad'),
	(2006, 'Probability and Statistics 2', '2', '3', 'Soma5', 'Yasser');

-- Dumping structure for table sis.student
CREATE TABLE IF NOT EXISTS `student` (
  `id` int NOT NULL AUTO_INCREMENT,
  `accountId` int NOT NULL DEFAULT '-1',
  `userName` varchar(50) CHARACTER SET utf8mb4 COLLATE utf8mb4_0900_ai_ci NOT NULL,
  `name` varchar(50) CHARACTER SET utf8mb4 COLLATE utf8mb4_0900_ai_ci NOT NULL,
  `address` varchar(50) CHARACTER SET utf8mb4 COLLATE utf8mb4_0900_ai_ci NOT NULL,
  `level` int DEFAULT NULL,
  PRIMARY KEY (`id`),
  KEY `student_account_id` (`accountId`),
  KEY `student_account_userName` (`userName`),
  CONSTRAINT `student_account_id` FOREIGN KEY (`accountId`) REFERENCES `account` (`id`),
  CONSTRAINT `student_account_userName` FOREIGN KEY (`userName`) REFERENCES `account` (`userName`)
) ENGINE=InnoDB AUTO_INCREMENT=55 DEFAULT CHARSET=utf8mb3;

-- Dumping data for table sis.student: ~14 rows (approximately)
REPLACE INTO `student` (`id`, `accountId`, `userName`, `name`, `address`, `level`) VALUES
	(40, 138, 'Omar', 'Omar', 'Omar', 2),
	(41, 150, 'Tamer', 'Tamer', 'Tamer', 1),
	(42, 151, 'samer', 'samer', 'samer', 1),
	(43, 152, 'samar', 'samar', 'samar', 1),
	(44, 153, 'sadak', 'sadak', 'sadak', 1),
	(45, 155, 'Samy', 'Samy', 'Samy', 2),
	(46, 164, 'Sasha ', 'Sasha', 'Sasha ', 1),
	(47, 165, 'Tammer', 'Tammer', 'Tammer', 1),
	(48, 166, 'Shady', 'Shady', 'Shady', 2),
	(49, 167, 'Shady1', 'Shady', 'Shady', 2),
	(50, 168, 'shady3', 'shady', 'shady3', 1),
	(51, 170, 'Fateh', 'Fateh', 'Fateh', 1),
	(52, 171, 'razen', 'razen', 'razen', 2),
	(53, 172, 'Razen1', 'Razen', 'Razen1', 1),
	(54, 176, 'Soma5', 'Soma', 'Soma', 2);

-- Dumping structure for table sis.teacher
CREATE TABLE IF NOT EXISTS `teacher` (
  `id` int NOT NULL AUTO_INCREMENT,
  `accountId` int NOT NULL DEFAULT '-1',
  `userName` varchar(50) CHARACTER SET utf8mb4 COLLATE utf8mb4_0900_ai_ci NOT NULL,
  `name` varchar(50) CHARACTER SET utf8mb4 COLLATE utf8mb4_0900_ai_ci NOT NULL,
  `address` varchar(50) CHARACTER SET utf8mb4 COLLATE utf8mb4_0900_ai_ci NOT NULL,
  PRIMARY KEY (`id`),
  KEY `teacher_account_id_fk` (`accountId`),
  KEY `teacher_account_name_fk` (`userName`),
  CONSTRAINT `teacher_account_id_fk` FOREIGN KEY (`accountId`) REFERENCES `account` (`id`),
  CONSTRAINT `teacher_account_name_fk` FOREIGN KEY (`userName`) REFERENCES `account` (`userName`) ON DELETE CASCADE
) ENGINE=InnoDB AUTO_INCREMENT=190 DEFAULT CHARSET=utf8mb3;

-- Dumping data for table sis.teacher: ~14 rows (approximately)
REPLACE INTO `teacher` (`id`, `accountId`, `userName`, `name`, `address`) VALUES
	(175, 148, 'Yasser', 'Yasser', 'Yasser'),
	(176, 149, 'Fatah', 'Fatah', 'Fatah'),
	(177, 154, 'Tomar', 'Tamer', 'Tamer'),
	(178, 157, 'max', 'max', 'max'),
	(179, 158, 'xurawas', 'xurawas', 'xurawas'),
	(180, 159, 'hukozo', 'hukozo', 'hukozo'),
	(181, 160, 'lavibahur', 'lavibahur', 'lavibahur'),
	(182, 161, 'zozup', 'zozup', 'Enim excepturi conse'),
	(183, 162, 'denacukuli', 'denacukuli', 'Sit magna voluptate'),
	(184, 163, 'rivijyfep', 'rivijyfep', 'asdpikdasliksadklho'),
	(185, 169, 'morad', 'morad', 'morad'),
	(186, 173, 'sma3', 'sma', '3bas'),
	(187, 174, 'soma3', 'soma', 'soma3'),
	(188, 175, 'soma4', 'soma', 'soma3'),
	(189, 177, 'Teacher', 'Teacher', 'Teacher');

-- Dumping structure for table sis.teaches
CREATE TABLE IF NOT EXISTS `teaches` (
  `id` int NOT NULL AUTO_INCREMENT,
  `teacherUserName` varchar(255) CHARACTER SET utf8mb4 COLLATE utf8mb4_0900_ai_ci NOT NULL DEFAULT '',
  `course` varchar(255) CHARACTER SET utf8mb4 COLLATE utf8mb4_0900_ai_ci NOT NULL,
  PRIMARY KEY (`id`),
  KEY `teacherUserName` (`teacherUserName`),
  KEY `course` (`course`),
  CONSTRAINT `teached_course_name_fk` FOREIGN KEY (`course`) REFERENCES `course` (`name`),
  CONSTRAINT `teacher_user_name_fk` FOREIGN KEY (`teacherUserName`) REFERENCES `teacher` (`userName`)
) ENGINE=InnoDB AUTO_INCREMENT=503 DEFAULT CHARSET=utf8mb3;

-- Dumping data for table sis.teaches: ~118 rows (approximately)
REPLACE INTO `teaches` (`id`, `teacherUserName`, `course`) VALUES
	(383, 'Yasser', 'Electronics'),
	(384, 'Yasser', 'Math-1'),
	(385, 'Yasser', 'Math-0'),
	(386, 'Yasser', 'Human Rights'),
	(387, 'Yasser', 'Technical Report'),
	(388, 'Yasser', 'Discrete Math'),
	(389, 'Yasser', 'Programming 1'),
	(390, 'Yasser', 'Logic Design'),
	(391, 'Yasser', 'Math-2'),
	(392, 'Yasser', 'Probability and Statistics 1'),
	(393, 'Yasser', 'Microeconomics'),
	(394, 'Yasser', 'Introduction to Networking'),
	(395, 'Yasser', 'Introduction to Database'),
	(396, 'Yasser', 'Introduction to Software Engineering'),
	(397, 'Yasser', 'Programming 2'),
	(398, 'Yasser', 'Math-3'),
	(399, 'Yasser', 'Probability and Statistics 2'),
	(400, 'Yasser', 'Data Structures'),
	(401, 'Yasser', 'Web'),
	(402, 'Yasser', 'Machine Learning'),
	(403, 'Yasser', 'Introduction to Operation Research'),
	(404, 'Yasser', 'Network Labs'),
	(405, 'Yasser', 'Entrepreneurship'),
	(406, 'Fatah', 'Electronics'),
	(407, 'Fatah', 'Math-1'),
	(408, 'Fatah', 'Math-0'),
	(409, 'Fatah', 'Human Rights'),
	(410, 'Fatah', 'Technical Report'),
	(411, 'Fatah', 'Discrete Math'),
	(412, 'Fatah', 'Programming 1'),
	(413, 'Fatah', 'Logic Design'),
	(414, 'Fatah', 'Math-2'),
	(415, 'Fatah', 'Probability and Statistics 1'),
	(416, 'Fatah', 'Microeconomics'),
	(417, 'Fatah', 'Introduction to Networking'),
	(418, 'Fatah', 'Introduction to Database'),
	(419, 'Fatah', 'Introduction to Software Engineering'),
	(420, 'Fatah', 'Programming 2'),
	(421, 'Fatah', 'Math-3'),
	(422, 'Fatah', 'Probability and Statistics 2'),
	(423, 'Tomar', 'Electronics'),
	(425, 'max', 'Electronics'),
	(426, 'max', 'Math-1'),
	(427, 'max', 'Math-0'),
	(428, 'max', 'Human Rights'),
	(429, 'max', 'Technical Report'),
	(430, 'xurawas', 'Electronics'),
	(431, 'xurawas', 'Math-1'),
	(432, 'xurawas', 'Math-0'),
	(433, 'hukozo', 'Electronics'),
	(434, 'hukozo', 'Math-1'),
	(435, 'hukozo', 'Math-0'),
	(436, 'hukozo', 'Human Rights'),
	(437, 'hukozo', 'Technical Report'),
	(438, 'lavibahur', 'Electronics'),
	(439, 'lavibahur', 'Math-1'),
	(440, 'lavibahur', 'Math-0'),
	(441, 'lavibahur', 'Human Rights'),
	(442, 'zozup', 'Electronics'),
	(443, 'zozup', 'Math-1'),
	(444, 'zozup', 'Human Rights'),
	(445, 'denacukuli', 'Electronics'),
	(446, 'denacukuli', 'Math-1'),
	(447, 'denacukuli', 'Math-0'),
	(448, 'denacukuli', 'Human Rights'),
	(449, 'rivijyfep', 'Electronics'),
	(450, 'rivijyfep', 'Math-1'),
	(451, 'rivijyfep', 'Math-0'),
	(452, 'rivijyfep', 'Human Rights'),
	(453, 'rivijyfep', 'Technical Report'),
	(454, 'morad', 'Electronics'),
	(455, 'morad', 'Math-1'),
	(456, 'morad', 'Math-0'),
	(457, 'morad', 'Human Rights'),
	(458, 'morad', 'Technical Report'),
	(459, 'morad', 'Discrete Math'),
	(460, 'morad', 'Programming 1'),
	(461, 'morad', 'Logic Design'),
	(462, 'morad', 'Math-2'),
	(463, 'morad', 'Probability and Statistics 1'),
	(464, 'morad', 'Microeconomics'),
	(465, 'morad', 'Introduction to Networking'),
	(466, 'morad', 'Introduction to Database'),
	(467, 'morad', 'Introduction to Software Engineering'),
	(468, 'morad', 'Programming 2'),
	(469, 'morad', 'Math-3'),
	(470, 'morad', 'Probability and Statistics 2'),
	(471, 'morad', 'Data Structures'),
	(472, 'morad', 'Web'),
	(473, 'morad', 'Machine Learning'),
	(474, 'morad', 'Introduction to Operation Research'),
	(475, 'morad', 'Network Labs'),
	(476, 'morad', 'Entrepreneurship'),
	(477, 'sma3', 'Electronics'),
	(478, 'sma3', 'Math-1'),
	(479, 'sma3', 'Math-0'),
	(480, 'sma3', 'Human Rights'),
	(481, 'sma3', 'Technical Report'),
	(482, 'soma3', 'Electronics'),
	(483, 'soma3', 'Math-1'),
	(484, 'soma3', 'Math-0'),
	(485, 'soma3', 'Human Rights'),
	(486, 'soma3', 'Technical Report'),
	(487, 'soma3', 'Discrete Math'),
	(488, 'soma3', 'Programming 1'),
	(489, 'soma3', 'Logic Design'),
	(490, 'soma4', 'Electronics'),
	(491, 'soma4', 'Math-1'),
	(492, 'soma4', 'Math-0'),
	(493, 'soma4', 'Human Rights'),
	(494, 'soma4', 'Technical Report'),
	(495, 'soma4', 'Discrete Math'),
	(496, 'soma4', 'Programming 1'),
	(497, 'soma4', 'Logic Design'),
	(498, 'Teacher', 'Electronics'),
	(499, 'Teacher', 'Math-1'),
	(500, 'Teacher', 'Math-0'),
	(501, 'Teacher', 'Human Rights'),
	(502, 'Teacher', 'Technical Report');

/*!40103 SET TIME_ZONE=IFNULL(@OLD_TIME_ZONE, 'system') */;
/*!40101 SET SQL_MODE=IFNULL(@OLD_SQL_MODE, '') */;
/*!40014 SET FOREIGN_KEY_CHECKS=IFNULL(@OLD_FOREIGN_KEY_CHECKS, 1) */;
/*!40101 SET CHARACTER_SET_CLIENT=@OLD_CHARACTER_SET_CLIENT */;
/*!40111 SET SQL_NOTES=IFNULL(@OLD_SQL_NOTES, 1) */;
